{"cameraMode":{"drawMode":0,"name":"Shaded","section":"Shading Mode"},"sceneLighting":true,"audioPlay":false,"sceneViewState":{"showFog":false,"showMaterialUpdate":false,"showSkybox":true,"showFlares":false,"showImageEffects":false,"showParticleSystems":false},"in2DMode":false,"pivot":{"x":2.6516590118408205,"y":5.455567359924316,"z":2.836536407470703},"rotation":{"x":-0.060765136033296588,"y":0.891146183013916,"z":-0.12540890276432038,"w":-0.4317913055419922},"size":9.285226821899414,"orthographic":false}