{"cameraMode":{"drawMode":0,"name":"Shaded","section":"Shading Mode"},"sceneLighting":true,"audioPlay":false,"sceneViewState":{"showFog":false,"showMaterialUpdate":false,"showSkybox":true,"showFlares":false,"showImageEffects":false,"showParticleSystems":false},"in2DMode":false,"pivot":{"x":-1.9228808879852296,"y":1.0792099237442017,"z":0.17501282691955567},"rotation":{"x":0.008165530860424042,"y":0.9689180850982666,"z":-0.24514567852020265,"w":0.03227812796831131},"size":1.4803433418273926,"orthographic":false}