{"cameraMode":{"drawMode":0,"name":"Shaded","section":"Shading Mode"},"sceneLighting":true,"audioPlay":false,"sceneViewState":{"showFog":false,"showMaterialUpdate":false,"showSkybox":true,"showFlares":false,"showImageEffects":false,"showParticleSystems":false},"in2DMode":false,"pivot":{"x":0.4666154980659485,"y":1.1432987451553345,"z":0.5370653867721558},"rotation":{"x":-0.11172515898942948,"y":0.8320643901824951,"z":-0.181536465883255,"w":-0.5120903253555298},"size":0.5171016454696655,"orthographic":false}