{"cameraMode":{"drawMode":0,"name":"Shaded","section":"Shading Mode"},"sceneLighting":true,"audioPlay":false,"sceneViewState":{"showFog":false,"showMaterialUpdate":false,"showSkybox":true,"showFlares":false,"showImageEffects":false,"showParticleSystems":false},"in2DMode":false,"pivot":{"x":105.77778625488281,"y":43.55554962158203,"z":0.0},"rotation":{"x":0.0752362608909607,"y":-0.00748321833088994,"z":0.0005644244374707341,"w":0.9971416592597961},"size":56.61819076538086,"orthographic":false}