{"cameraMode":{"drawMode":0,"name":"Shaded","section":"Shading Mode"},"sceneLighting":true,"audioPlay":false,"sceneViewState":{"showFog":false,"showMaterialUpdate":false,"showSkybox":true,"showFlares":false,"showImageEffects":false,"showParticleSystems":false},"in2DMode":false,"pivot":{"x":-0.966787576675415,"y":-2.4839818477630617,"z":4.0886125564575199},"rotation":{"x":0.3214946687221527,"y":0.004257533233612776,"z":-0.0014453751500695944,"w":0.9469046592712402},"size":25.151805877685548,"orthographic":false}