{"cameraMode":{"drawMode":0,"name":"Shaded","section":"Shading Mode"},"sceneLighting":true,"audioPlay":false,"sceneViewState":{"showFog":false,"showMaterialUpdate":false,"showSkybox":true,"showFlares":false,"showImageEffects":false,"showParticleSystems":false},"in2DMode":false,"pivot":{"x":0.587027907371521,"y":3.432987928390503,"z":-4.281348705291748},"rotation":{"x":0.44593340158462527,"y":-0.01745530590415001,"z":0.008698602207005024,"w":0.8948578834533691},"size":18.27164077758789,"orthographic":false}