{"cameraMode":{"drawMode":0,"name":"Shaded","section":"Shading Mode"},"sceneLighting":true,"audioPlay":false,"sceneViewState":{"showFog":false,"showMaterialUpdate":false,"showSkybox":true,"showFlares":false,"showImageEffects":false,"showParticleSystems":false},"in2DMode":false,"pivot":{"x":436.870361328125,"y":460.54620361328127,"z":-307.67779541015627},"rotation":{"x":0.27118900418281557,"y":0.0346381813287735,"z":-0.009765882045030594,"w":0.96185702085495},"size":426.3386535644531,"orthographic":false}