{"cameraMode":{"drawMode":0,"name":"Shaded","section":"Shading Mode"},"sceneLighting":true,"audioPlay":false,"sceneViewState":{"showFog":false,"showMaterialUpdate":false,"showSkybox":true,"showFlares":false,"showImageEffects":false,"showParticleSystems":false},"in2DMode":false,"pivot":{"x":0.1834425926208496,"y":0.7896301746368408,"z":0.9035439491271973},"rotation":{"x":-0.12937423586845399,"y":0.8497130274772644,"z":-0.24508346617221833,"w":-0.44854435324668887},"size":3.270256757736206,"orthographic":false}